build_miner,build_scout,build_wall,build_worker,energy_100,energy_150,energy_200,energy_300,energy_400,energy_50,episode_id,factory_jump,final_factory_count,final_factory_energy,final_factory_row,final_mine_count,final_mine_energy,final_miner_count,final_scout_count,final_support_count,final_support_energy,final_worker_count,first_build_miner,first_build_scout,first_build_worker,first_transfer,first_transform,gap_100,gap_150,gap_200,gap_300,gap_400,gap_50,max_factory_energy,max_gap,max_mines,min_gap_after_scroll,opp_final_factory_count,opp_final_factory_energy,opp_final_factory_row,opp_final_mine_count,opp_final_mine_energy,opp_final_miner_count,opp_final_scout_count,opp_final_support_count,opp_final_support_energy,opp_final_worker_count,opp_reward,opponent,remove_wall,replay_path,result,row_100,row_150,row_200,row_300,row_400,row_50,seed,steps,team_index,team_reward,teams,top_actions,transfer,transform
3,3,6,0,864,849,799,2647,,914,78940860,26,1,3167,59,3,2050,0,2,2,31,0,248,25,,,249,19,18,17,12,,19,3167,19,3,7,0,,,0,0,0,0,0,0,0,-174,kennex,0,reports/v118_publish_20260607/53421558/replays/episode-78940860-replay.json,win,29,35,41,54,,24,1873345470,330,1,3198,kennex|Jiayi Du,IDLE:289;NORTH:196;EAST:67;WEST:50;SOUTH:30;JUMP_NORTH:9,0,3
2,10,12,0,2113,1913,1823,1710,1561,913,78941236,40,1,1468,100,0,0,0,1,1,75,0,24,34,,,25,19,17,17,17,14,13,2138,19,2,5,0,,,0,0,0,0,0,0,0,-60,Diovolendo,0,reports/v118_publish_20260607/53421558/replays/episode-78941236-replay.json,win,29,34,41,59,83,18,1129073837,444,1,1543,Diovolendo|Jiayi Du,IDLE:422;WEST:146;NORTH:122;EAST:122;SOUTH:30;JUMP_NORTH:13,0,2
3,13,16,0,3389,3326,3213,2863,3324,1339,78941624,36,1,4332,118,0,0,0,1,1,52,0,39,25,,,40,13,19,19,15,11,15,4393,19,2,3,0,,,0,0,0,0,0,0,0,-4,Yi Lu,0,reports/v118_publish_20260607/53421558/replays/episode-78941624-replay.json,win,23,36,43,57,80,20,1352844881,500,0,4384,Jiayi Du|Yi Lu,IDLE:490;NORTH:195;EAST:139;WEST:63;SOUTH:45,0,3
4,11,15,0,3248,4348,4198,5321,5351,999,78942011,34,1,5166,119,0,0,0,1,1,89,0,51,25,,,52,14,13,18,11,12,18,5468,19,2,6,0,,,0,0,0,1,1,43,0,-18,Jakob Brüggen,0,reports/v118_publish_20260607/53421558/replays/episode-78942011-replay.json,win,24,30,42,53,81,23,206266936,486,0,5255,Jiayi Du|Jakob Brüggen,IDLE:433;WEST:291;EAST:153;NORTH:134;SOUTH:15,0,4
2,7,9,0,3351,3251,3248,3048,2916,901,78942395,38,0,,,0,0,0,0,0,0,0,16,26,,,17,11,17,19,18,13,16,3400,19,2,0,1,413,98,0,0,0,1,1,97,0,510,Ra'uf Fauzan Rambe,0,reports/v118_publish_20260607/53421558/replays/episode-78942395-replay.json,loss,21,34,43,60,82,21,424696694,452,0,-52,Jiayi Du|Ra'uf Fauzan Rambe,IDLE:419;EAST:283;NORTH:115;WEST:84;SOUTH:32;JUMP_NORTH:13,0,2
0,7,7,0,930,874,724,643,546,980,78942774,40,1,480,100,0,0,0,1,1,25,0,,25,,,,19,18,18,14,12,16,1007,19,0,5,0,,,0,0,0,0,0,0,0,-60,Charismatic Pizza Party🍕,0,reports/v118_publish_20260607/53421558/replays/episode-78942774-replay.json,win,29,35,42,56,81,21,175500429,444,0,505,Jiayi Du|Charismatic Pizza Party🍕,IDLE:460;NORTH:110;WEST:110;EAST:93;SOUTH:28;JUMP_NORTH:13,0,0
0,8,8,0,933,733,686,,,952,78943161,24,0,,,0,0,0,1,1,50,0,,42,,,,5,10,19,,,6,1021,19,0,0,0,,,0,0,0,1,1,36,0,-1,Pavlo Ivanin,0,reports/v118_publish_20260607/53421558/replays/episode-78943161-replay.json,win,15,27,43,,,11,31972494,242,1,1,Pavlo Ivanin|Jiayi Du,IDLE:150;NORTH:71;WEST:43;EAST:41;SOUTH:14;JUMP_NORTH:9,0,0
0,5,5,0,830,680,,,,850,78943402,14,0,,,0,0,0,1,1,41,0,,28,,,,16,18,,,,9,1000,19,0,5,0,,,0,0,0,1,2,1,1,-1,betterme,0,reports/v118_publish_20260607/53421558/replays/episode-78943402-replay.json,win,26,35,,,,14,1164774455,162,0,1,Jiayi Du|betterme,IDLE:158;NORTH:34;EAST:27;WEST:22;SOUTH:8;JUMP_NORTH:6,0,0
0,11,11,0,872,672,622,441,286,922,78943645,44,1,179,119,0,0,0,1,1,6,0,,26,,,,18,18,17,19,17,15,1000,19,0,3,1,461,118,0,0,0,0,0,0,0,1,Isabella Wu,0,reports/v118_publish_20260607/53421558/replays/episode-78943645-replay.json,loss,28,35,41,61,86,20,2120305955,501,1,-1,Isabella Wu|Jiayi Du,IDLE:429;NORTH:163;EAST:159;WEST:84;SOUTH:35;JUMP_NORTH:12,0,0
0,1,1,0,893,,,,,900,78944034,8,0,,,0,0,0,1,1,0,0,,25,,,,19,,,,,17,1000,19,0,7,0,,,0,0,0,1,2,17,1,1,test_maze-crawl,0,reports/v118_publish_20260607/53421558/replays/episode-78944034-replay.json,loss,29,,,,,22,204134455,110,1,-1,test_maze-crawl|Jiayi Du,IDLE:123;NORTH:34;WEST:18;EAST:9;SOUTH:4;JUMP_NORTH:3,0,0
0,1,1,0,850,,,,,900,78944421,14,0,,,0,0,0,1,1,0,0,,25,,,,19,,,,,18,1000,19,0,6,0,,,0,0,0,1,1,0,0,0.5,Mathieu W,0,reports/v118_publish_20260607/53421558/replays/episode-78944421-replay.json,draw,29,,,,,23,1691070219,148,1,0.5,Mathieu W|Jiayi Du,IDLE:170;NORTH:45;WEST:22;EAST:16;SOUTH:8;JUMP_NORTH:3,0,0
1,9,10,0,706,606,356,342,311,687,78944662,42,1,211,117,0,0,0,1,1,81,0,41,25,,,42,19,18,19,18,16,17,1027,19,1,6,0,,,0,0,0,0,0,0,0,-12,Arnav Kewalram,0,reports/v118_publish_20260607/53421558/replays/episode-78944662-replay.json,win,29,35,43,60,85,22,673299982,492,0,292,Jiayi Du|Arnav Kewalram,IDLE:570;NORTH:161;WEST:59;EAST:57;SOUTH:35;JUMP_NORTH:12,0,1
1,10,11,0,733,683,683,2611,2456,983,78944898,40,1,2256,116,0,0,0,0,0,0,0,249,25,,,250,18,18,18,14,11,14,2668,19,1,1,1,198,121,0,0,0,1,1,8,0,-1,Ryo kagglejp,0,reports/v118_publish_20260607/53421558/replays/episode-78944898-replay.json,win,28,35,42,56,80,19,310759524,501,0,1,Jiayi Du|Ryo kagglejp,IDLE:375;EAST:212;NORTH:157;WEST:93;SOUTH:16;JUMP_NORTH:13,0,1
0,4,4,0,871,852,652,,,921,78945152,26,0,,,0,0,0,1,1,0,0,,25,,,,19,18,18,,,15,1000,19,0,4,0,,,0,0,0,1,1,0,0,0.5,Ra'uf Fauzan Rambe,0,reports/v118_publish_20260607/53421558/replays/episode-78945152-replay.json,draw,29,35,42,,,20,409994840,300,0,0.5,Jiayi Du|Ra'uf Fauzan Rambe,IDLE:289;WEST:98;NORTH:78;EAST:46;SOUTH:22;JUMP_NORTH:6,0,0
1,5,6,0,2799,,,,,1199,78945528,10,0,,,1,1000,0,1,1,0,0,41,25,,,42,13,,,,,14,2865,19,1,6,0,,,0,0,0,1,1,40,0,1,Nicolas Bridelance,0,reports/v118_publish_20260607/53421558/replays/episode-78945528-replay.json,loss,23,,,,,19,2033913235,136,1,-1,Nicolas Bridelance|Jiayi Du,IDLE:194;NORTH:40;EAST:9;WEST:5;BUILD_SCOUT:5;SOUTH:5,0,1
3,7,10,0,1698,3698,4897,6480,6508,949,78945774,34,1,6407,113,0,0,0,1,1,88,0,81,25,,,82,16,14,15,18,17,16,6600,19,2,4,0,,,0,0,0,1,1,0,0,-16,Arnav Kewalram,0,reports/v118_publish_20260607/53421558/replays/episode-78945774-replay.json,win,26,31,39,60,86,21,816560598,488,0,6495,Jiayi Du|Arnav Kewalram,IDLE:540;WEST:218;NORTH:169;EAST:103;SOUTH:23;JUMP_NORTH:11,0,3
3,9,12,0,848,798,1897,2767,2445,948,78946014,42,1,2907,115,0,0,0,1,1,96,0,174,48,,,175,16,19,14,19,17,5,2975,19,1,0,1,967,119,0,0,0,0,0,0,0,-1,Addison Howard,0,reports/v118_publish_20260607/53421558/replays/episode-78946014-replay.json,win,26,36,38,61,86,10,1620333176,501,0,1,Jiayi Du|Addison Howard,IDLE:621;NORTH:178;EAST:76;WEST:65;SOUTH:36;JUMP_NORTH:16,0,3
2,5,7,0,897,822,2721,4443,4400,950,78946248,30,0,,,0,0,0,0,0,0,0,158,83,,,159,9,18,13,17,11,4,4468,19,2,0,1,391,94,0,0,0,1,1,0,0,391,Ra'uf Fauzan Rambe,0,reports/v118_publish_20260607/53421558/replays/episode-78946248-replay.json,loss,19,35,37,59,80,9,401752754,448,1,-56,Ra'uf Fauzan Rambe|Jiayi Du,IDLE:561;NORTH:117;WEST:106;EAST:75;SOUTH:24;JUMP_NORTH:14,0,2
1,3,4,0,850,549,3148,,,900,78946485,20,0,,,1,1000,0,1,1,9,0,150,48,,,151,17,18,12,,,5,3638,19,1,1,0,,,0,0,0,0,0,0,0,-1,Ikki Katsuyama,0,reports/v118_publish_20260607/53421558/replays/episode-78946485-replay.json,win,27,35,36,,,10,40531338,264,0,1,Jiayi Du|Ikki Katsuyama,IDLE:364;NORTH:73;WEST:24;EAST:19;SOUTH:15;JUMP_NORTH:7,0,1
0,2,2,0,,,,,,907,78946871,6,0,,,0,0,0,1,1,11,0,,25,,,,,,,,,15,1048,19,0,3,0,,,0,0,0,2,2,40,0,1,Nafiul Islam,0,reports/v118_publish_20260607/53421558/replays/episode-78946871-replay.json,loss,,,,,,20,1755687469,75,1,-1,Nafiul Islam|Jiayi Du,IDLE:62;NORTH:28;WEST:13;EAST:7;JUMP_NORTH:3;BUILD_SCOUT:2,0,0
4,17,21,0,3088,3288,3263,3056,2874,1142,78947123,38,1,3683,119,0,0,0,1,1,72,0,43,25,,,44,12,16,16,17,16,12,3707,19,2,3,1,305,117,0,0,0,1,1,36,0,-1,[Deleted] 858b3019-0ee2-4910-94fa-49e145c1d441,0,reports/v118_publish_20260607/53421558/replays/episode-78947123-replay.json,win,22,33,40,59,85,17,936791420,501,0,1,Jiayi Du|[Deleted] 858b3019-0ee2-4910-94fa-49e145c1d441,IDLE:470;NORTH:189;WEST:133;EAST:92;SOUTH:31,0,4
0,1,1,0,887,,,,,900,78947509,10,0,,,0,0,0,1,1,0,0,,26,,,,19,,,,,17,1000,19,0,6,0,,,0,0,0,1,1,33,0,1,Ra'uf Fauzan Rambe,0,reports/v118_publish_20260607/53421558/replays/episode-78947509-replay.json,loss,29,,,,,22,1095751427,114,1,-1,Ra'uf Fauzan Rambe|Jiayi Du,IDLE:68;WEST:57;NORTH:43;EAST:16;SOUTH:10;JUMP_NORTH:3,0,0
2,7,9,0,1449,2999,2830,,,900,78947753,20,0,,,1,1000,0,1,1,0,0,84,26,,,85,15,12,17,,,18,5054,19,1,6,0,,,0,0,0,1,1,89,0,1,Nicolas Bridelance,0,reports/v118_publish_20260607/53421558/replays/episode-78947753-replay.json,loss,25,29,41,,,23,563490387,301,1,-1,Nicolas Bridelance|Jiayi Du,IDLE:412;EAST:151;NORTH:68;WEST:42;SOUTH:8,0,2
4,10,14,0,1230,1030,2629,3529,3456,931,78948146,38,1,3604,121,0,0,0,1,1,45,0,55,25,,,56,19,18,14,18,13,8,3776,19,1,5,1,46,116,0,0,0,1,1,48,0,-1,Manav Trivedi,0,reports/v118_publish_20260607/53421558/replays/episode-78948146-replay.json,win,29,35,38,60,82,13,575019184,501,0,1,Jiayi Du|Manav Trivedi,IDLE:529;WEST:187;NORTH:163;EAST:115;SOUTH:26;JUMP_NORTH:17,0,4
2,8,10,0,928,889,2088,2999,3970,978,78948528,38,0,,,0,0,0,1,1,68,0,171,25,,,172,19,18,14,15,11,17,4041,19,1,0,1,752,110,0,0,0,0,0,0,0,752,Андрей Савельев,0,reports/v118_publish_20260607/53421558/replays/episode-78948528-replay.json,loss,29,35,38,57,80,22,2076930686,482,1,-22,Андрей Савельев|Jiayi Du,IDLE:565;NORTH:158;EAST:144;WEST:94;SOUTH:19;JUMP_NORTH:12,0,2
1,8,9,0,1066,966,816,746,409,952,78949931,44,1,382,115,0,0,0,1,1,5,0,369,25,,,370,18,18,14,19,18,14,1076,19,1,3,0,,,0,0,0,0,0,0,0,-10,Eric Wang,0,reports/v118_publish_20260607/53421558/replays/episode-78949931-replay.json,win,28,35,38,61,87,19,1500810078,494,0,387,Jiayi Du|Eric Wang,IDLE:626;NORTH:140;WEST:54;EAST:49;SOUTH:30;JUMP_NORTH:15,0,1
1,9,10,0,2435,4030,4011,3861,3607,949,78952579,36,1,3478,108,0,0,0,1,1,25,0,67,25,,,68,15,15,19,18,18,13,4085,19,1,3,0,,,0,0,0,0,0,0,0,-24,Manav Trivedi,0,reports/v118_publish_20260607/53421558/replays/episode-78952579-replay.json,win,25,32,43,60,87,18,738199066,480,0,3503,Jiayi Du|Manav Trivedi,IDLE:568;EAST:177;NORTH:147;WEST:95;SOUTH:29;JUMP_NORTH:14,0,1
1,2,3,0,1652,,,,,952,78953983,12,0,,,1,1000,0,2,2,21,0,47,25,,,48,19,,,,,12,1736,19,1,1,0,,,0,0,0,1,2,38,1,1,Debatreya Biswas,0,reports/v118_publish_20260607/53421558/replays/episode-78953983-replay.json,loss,29,,,,,17,1275889591,139,1,-1,Debatreya Biswas|Jiayi Du,IDLE:197;NORTH:49;EAST:25;WEST:23;SOUTH:4;JUMP_NORTH:4,0,1
0,0,0,0,,,,,,,78955627,2,1,980,10,0,0,0,0,0,0,0,,,,,,,,,,,,1000,9,0,5,0,,,0,0,0,0,0,0,0,-483,Daniel Bekker,0,reports/v118_publish_20260607/53421558/replays/episode-78955627-replay.json,win,,,,,,,88857973,21,0,980,Jiayi Du|Daniel Bekker,IDLE:10;NORTH:6;EAST:2;JUMP_NORTH:1;WEST:1,0,0
4,11,15,0,2974,3021,3008,3907,3725,924,78956732,38,1,3873,124,1,300,0,1,1,23,0,47,25,,,48,14,18,19,11,17,15,4015,19,1,5,1,597,124,0,0,0,0,0,0,0,-1,Maged Hegazy,0,reports/v118_publish_20260607/53421558/replays/episode-78956732-replay.json,win,24,35,43,53,86,20,712218425,501,0,1,Jiayi Du|Maged Hegazy,IDLE:748;NORTH:172;WEST:45;EAST:43;SOUTH:24;JUMP_NORTH:15,0,4
1,11,12,0,699,593,607,307,157,849,78957897,44,1,7,118,0,0,0,0,0,0,0,20,30,,,21,19,18,18,17,16,17,1000,19,1,3,1,1498,121,0,0,0,0,0,0,0,1,Kalyan,0,reports/v118_publish_20260607/53421558/replays/episode-78957897-replay.json,loss,29,35,42,59,85,22,1503812592,501,1,-1,Kalyan|Jiayi Du,IDLE:493;NORTH:128;EAST:116;WEST:79;SOUTH:25;JUMP_NORTH:15,0,1
1,6,7,0,850,811,661,692,2329,900,78959156,40,1,2225,118,0,0,0,0,0,0,0,304,25,,,305,17,19,18,18,13,19,2383,19,1,3,0,,,0,0,0,1,1,29,0,-4,BIZEN250,0,reports/v118_publish_20260607/53421558/replays/episode-78959156-replay.json,win,27,36,42,60,82,24,294271045,500,0,2225,Jiayi Du|BIZEN250,IDLE:568;NORTH:156;EAST:82;WEST:67;SOUTH:27;JUMP_NORTH:14,0,1
5,7,12,0,1183,1083,2282,4496,5190,1249,78960675,36,0,,,0,0,0,0,0,0,0,16,26,,,17,19,17,15,17,13,14,5462,19,2,0,1,440,106,0,0,0,0,0,0,0,440,bsenst,0,reports/v118_publish_20260607/53421558/replays/episode-78960675-replay.json,loss,29,34,39,59,82,19,760721775,478,0,-26,Jiayi Du|bsenst,IDLE:641;NORTH:243;WEST:47;EAST:46;SOUTH:25;JUMP_NORTH:15,0,5
1,7,8,0,1043,643,459,359,313,925,78962271,44,1,350,127,0,0,0,1,1,52,0,116,28,,,117,19,17,15,16,15,15,1049,19,1,5,0,,,0,0,0,0,0,0,0,-6,Patrick M.,0,reports/v118_publish_20260607/53421558/replays/episode-78962271-replay.json,win,29,34,39,58,84,20,1305494180,498,1,402,Patrick M.|Jiayi Du,IDLE:444;NORTH:184;EAST:163;WEST:86;SOUTH:29;JUMP_NORTH:12,0,1
2,10,12,0,850,700,2899,3099,4648,950,78963764,42,1,4527,112,0,0,0,0,0,0,0,152,25,,,153,19,18,12,17,5,11,4650,19,1,1,0,,,0,0,0,0,0,0,0,-14,Maged Hegazy,0,reports/v118_publish_20260607/53421558/replays/episode-78963764-replay.json,win,29,35,36,59,74,16,1681533125,490,0,4527,Jiayi Du|Maged Hegazy,IDLE:483;NORTH:250;EAST:79;WEST:72;SOUTH:19;JUMP_NORTH:16,0,2
0,3,3,0,906,856,,,,925,78964792,18,0,,,0,0,0,0,0,0,0,,25,,,,19,19,,,,15,1022,19,0,7,0,,,0,0,0,1,1,2,0,1,BIZEN250,0,reports/v118_publish_20260607/53421558/replays/episode-78964792-replay.json,loss,29,36,,,,20,709687519,193,1,-1,BIZEN250|Jiayi Du,IDLE:228;NORTH:41;EAST:28;WEST:24;SOUTH:7;JUMP_NORTH:4,0,0
4,10,14,0,956,751,1300,4199,4199,977,78969177,36,1,4494,116,0,0,0,1,1,84,0,184,25,,,185,19,18,16,11,13,15,4657,19,2,5,0,,,0,0,0,1,1,89,0,-18,Anirudh K,0,reports/v118_publish_20260607/53421558/replays/episode-78969177-replay.json,win,29,35,40,53,82,20,838833864,486,0,4578,Jiayi Du|Anirudh K,IDLE:557;NORTH:151;WEST:120;EAST:94;SOUTH:18,0,4
0,12,12,0,800,631,431,369,169,900,78970442,42,1,116,119,0,0,0,1,1,92,0,,25,,,,19,18,13,19,18,8,1000,19,0,3,1,901,125,0,0,0,0,1,300,1,1,Phillip Choi,0,reports/v118_publish_20260607/53421558/replays/episode-78970442-replay.json,loss,29,35,37,61,87,13,619682653,501,1,-1,Phillip Choi|Jiayi Du,IDLE:346;NORTH:186;WEST:177;EAST:129;SOUTH:44;JUMP_NORTH:12,0,0
