source_group,agent_label,phase,route_owner_intent,owner_conflict_class,rows,episodes,loss_rows,death_next_rows,route_blocked_now_rows,route_blocked_t1_rows,route_blocked_t2_rows,trigger_rows,mean_gap_delta_t1,mean_gap_delta_t2,mean_support_energy_delta_t1,mean_support_energy_delta_t2
top_08_ai_took_my_job,08_ai_took_my_job,CONVEYOR,factory_progress,enemy_contest,1,1,0,1.0,0,0,0,0,,,,
top_08_ai_took_my_job,08_ai_took_my_job,PRESSURE,factory_progress,enemy_contest,1,1,0,1.0,0,0,0,0,,,,
top_08_ai_took_my_job,08_ai_took_my_job,FINAL_KICK,sacrifice,friendly_hold_block,6,4,2.0,0,6.0,6.0,6.0,2.0,0.8333333333333334,1.0,-49.5,-65.5
top_08_ai_took_my_job,08_ai_took_my_job,PRESSURE,support_hold,friendly_hold_block,2,1,2.0,0,0,0,0,2.0,-1.0,0.0,-1.0,7.0
top_08_ai_took_my_job,08_ai_took_my_job,PRESSURE,route_recovery,clean,130,5,72.0,0,65.0,62.0,61.0,0,0.26153846153846155,0.2153846153846154,-0.7307692307692307,4.607692307692307
top_08_ai_took_my_job,08_ai_took_my_job,FINAL_KICK,support_vacate,friendly_vacate_ok,98,3,97.0,0,41.0,38.0,40.0,0,0.7319587628865979,0.10416666666666667,-6.639175257731959,-5.833333333333333
top_08_ai_took_my_job,08_ai_took_my_job,FINAL_KICK,route_recovery,clean,62,5,24.0,0,33.0,28.0,27.0,0,0.3548387096774194,0.3548387096774194,-0.1774193548387097,18.274193548387096
top_08_ai_took_my_job,08_ai_took_my_job,CONVEYOR,route_recovery,clean,21,3,15.0,0,21.0,17.0,15.0,0,0.23809523809523808,0.23809523809523808,1.1428571428571428,14.476190476190476
top_08_ai_took_my_job,08_ai_took_my_job,PRESSURE,factory_progress,clean,119,4,84.0,0,0,3.0,8.0,0,0.25210084033613445,0.16806722689075632,-0.5966386554621849,10.579831932773109
top_08_ai_took_my_job,08_ai_took_my_job,CONVEYOR,factory_progress,clean,113,4,47.0,0,0,2.0,5.0,0,0.26548672566371684,0.19469026548672566,-0.20353982300884957,13.831858407079647
top_08_ai_took_my_job,08_ai_took_my_job,CONVEYOR,mine_transform,transform_vacate_ok,6,4,3.0,0,3.0,2.0,1.0,0,1.0,0.8333333333333334,-300.3333333333333,-300.6666666666667
top_08_ai_took_my_job,08_ai_took_my_job,PRESSURE,mine_transform,transform_vacate_ok,6,3,3.0,0,3.0,2.0,2.0,0,0.6666666666666666,0.6666666666666666,-300.0,-300.0
top_08_ai_took_my_job,08_ai_took_my_job,CONVEYOR,unknown,clean,178,4,98.0,0,0,1.0,3.0,0,-0.14606741573033707,-0.21910112359550563,-0.398876404494382,-0.7921348314606742
top_08_ai_took_my_job,08_ai_took_my_job,PRESSURE,support_vacate,friendly_vacate_ok,22,3,21.0,0,2.0,1.0,0,0,0.7727272727272727,0.5,-16.727272727272727,-16.818181818181817
top_08_ai_took_my_job,08_ai_took_my_job,FINAL_KICK,mine_transform,transform_vacate_ok,3,2,1.0,0,2.0,1.0,1.0,0,1.0,0.3333333333333333,-300.3333333333333,-300.6666666666667
top_08_ai_took_my_job,08_ai_took_my_job,PRESSURE,route_recovery,enemy_contest,1,1,1.0,0,1.0,1.0,1.0,0,1.0,0.0,0.0,0.0
top_08_ai_took_my_job,08_ai_took_my_job,CONVEYOR,support_vacate,friendly_vacate_ok,1,1,1.0,0,0,1.0,1.0,0,1.0,1.0,-1.0,-2.0
top_08_ai_took_my_job,08_ai_took_my_job,PRESSURE,unknown,clean,103,3,77.0,0,0,0,0,0,-0.2815533980582524,-0.36893203883495146,0.9320388349514563,0.8640776699029126
top_08_ai_took_my_job,08_ai_took_my_job,MINE_SPRINT,factory_progress,clean,9,3,2.0,0,0,0,0,0,0.5555555555555556,0.5555555555555556,-0.2222222222222222,5.111111111111111
top_08_ai_took_my_job,08_ai_took_my_job,FINAL_KICK,unknown,clean,3,1,3.0,0,0,0,0,0,0.0,0.6666666666666666,-0.3333333333333333,-1.3333333333333333
top_08_ai_took_my_job,08_ai_took_my_job,FINAL_KICK,route_recovery,enemy_contest,2,1,2.0,0,0,0,0,0,-0.5,-1.0,0.0,0.0
top_08_ai_took_my_job,08_ai_took_my_job,PRESSURE,sacrifice,friendly_hold_block,2,1,2.0,0,0,0,0,0,1.0,1.0,-50.0,-50.0
top_08_ai_took_my_job,08_ai_took_my_job,MINE_SPRINT,unknown,clean,1,1,0,0,0,0,0,0,0.0,2.0,0.0,0.0
top_08_ai_took_my_job,08_ai_took_my_job,CONVEYOR,factory_progress,reservation_collision,1,1,0,0,0,0,0,0,0.0,0.0,-42.0,-42.0
top_08_ai_took_my_job,08_ai_took_my_job,FINAL_KICK,unknown,enemy_contest,1,1,1.0,0,0,0,0,0,-1.0,-1.0,0.0,0.0
top_08_ai_took_my_job,08_ai_took_my_job,CONVEYOR,sacrifice,friendly_hold_block,1,1,1.0,0,0,0,0,0,1.0,1.0,-50.0,-50.0
